keyword,category,priority
chair yoga for seniors,exercise,high
balance exercises for elderly,balance,high
anti-inflammatory foods for seniors,nutrition,high
low impact cardio for seniors,exercise,high
fall prevention exercises,balance,high
protein intake for seniors,nutrition,high
walking program for seniors,exercise,high
strength training over 60,exercise,high
joint pain relief exercises,pain,medium
senior meal planning,nutrition,medium
osteoporosis exercises,exercise,medium
tai chi for seniors,balance,medium
water aerobics for older adults,exercise,medium
mediterranean diet for seniors,nutrition,medium
stretching routine for seniors,exercise,medium
seniors sleep health tips,lifestyle,medium
vitamin d deficiency seniors,nutrition,medium
core exercises for seniors,exercise,medium
hip pain exercises seniors,pain,medium
resistance band workouts seniors,exercise,medium
arthritis exercise tips,pain,low
healthy aging lifestyle habits,lifestyle,low
senior gardening health benefits,lifestyle,low
social health for seniors,lifestyle,low
cognitive exercise seniors,lifestyle,low
best shoes for senior walking,gear,low
walking aids for seniors,gear,low
fitness trackers for elderly,gear,low
senior yoga mat reviews,gear,low
balance boards for seniors,gear,low
